EQUIP_CODE,EQUIP_NAME,Difference
1,POWELL STREET CAR,0
2,POWELL STREET CAR,1
3,POWELL STREET CAR,1
4,POWELL STREET CAR,1
5,POWELL STREET CAR,1
6,POWELL STREET CAR,1
7,POWELL STREET CAR,1
8,POWELL STREET CAR,1
9,POWELL STREET CAR,1
10,POWELL STREET CAR,1
11,POWELL STREET CAR,1
12,POWELL STREET CAR,1
13,POWELL STREET CAR,1
14,POWELL STREET CAR,1
15,POWELL STREET CAR,1
16,POWELL STREET CAR,1
17,POWELL STREET CAR,1
18,POWELL STREET CAR,1
19,POWELL STREET CAR,1
20,POWELL STREET CAR,1
21,POWELL STREET CAR,1
22,POWELL STREET CAR,1
23,POWELL STREET CAR,1
24,POWELL STREET CAR,1
25,POWELL STREET CAR,1
26,POWELL STREET CAR,1
27,POWELL STREET CAR,1
28,POWELL STREET CAR,21
49,CALIFORNIA LINE CAR,1
50,CALIFORNIA LINE CAR,1
51,CALIFORNIA LINE CAR,1
52,CALIFORNIA LINE CAR,1
53,CALIFORNIA LINE CAR,1
54,CALIFORNIA LINE CAR,1
55,CALIFORNIA LINE CAR,1
56,CALIFORNIA LINE CAR,1
57,CALIFORNIA LINE CAR,1
58,CALIFORNIA LINE CAR,1
59,CALIFORNIA LINE CAR,1
60,CALIFORNIA LINE CAR,70
130,MUNI.CAR #130,93
223,BLACKPOOL BOAT TRAM,5
228,BLACKPOOL BOAT TRAM,5
233,BLACKPOOL BOAT TRAM,263
496,SYDNEY CAR #0496,241
737,BRUSSELS,179
916,M&MTB PRESTON WORKSHOPS,36
952,NEW ORLEANS CAR,54
1006,PRES.CONFERENCE CAR,1
1007,PRES.CONFERENCE CAR,1
1008,PRES.CONFERENCE CAR-BROOKVILLE RETROFIT,1
1009,PRES.CONFERENCE CAR,1
1010,PRES.CONFERENCE CAR,1
1011,PRES.CONFERENCE CAR,4
1015,PRES.CONFERENCE CAR,25
1040,PRES.CONFERENCE CAR,10
1050,PRES.CONFERENCE CAR,1
1051,PRES.CONFERENCE CAR,1
1052,PRES.CONFERENCE CAR,1
1053,PRES.CONFERENCE CAR,1
1054,PRES.CONFERENCE CAR,1
1055,PRES.CONFERENCE CAR,1
1056,PRES.CONFERENCE CAR,1
1057,PRES.CONFERENCE CAR,1
1058,PRES.CONFERENCE CAR,1
1059,PRES.CONFERENCE CAR,1
1060,NPRES.CONFERENCE CAR,1
1061,NN,1
1062,PRES.CONFERENCE CAR,1
1063,PRES.CONFERENCE CAR,7
1070,PRES.CONFERENCE CAR,1
1071,PRES.CONFERENCE CAR,1
1072,PRES.CONFERENCE CAR,1
1073,PRES.CONFERENCE CAR,1
1074,PRES.CONFERENCE CAR,1
1075,PRES.CONFERENCE CAR,1
1076,PRES.CONFERENCE CAR,1
1077,PRES.CONFERENCE CAR,1
1078,PRES.CONFERENCE CAR-BROOKVILLE RETROFIT,1
1079,PRES.CONFERENCE CAR-BROOKVILLE RETROFIT,1
1080,PRES.CONFERENCE CAR-BROOKVILLE RETROFIT,320
1400,LRV2-MOD9,1
1401,LRV2-MOD9,1
1402,LRV2-MOD9,1
1403,LRV2-MOD9,1
1404,LRV2-MOD9,1
1405,LRV2-MOD9,1
1406,LRV2-MOD9,1
1407,LRV2-MOD9,1
1408,LRV2-MOD9,1
1409,LRV2-MOD9,1
1410,LRV2-MOD9,1
1411,LRV2-MOD9,1
1412,LRV2-MOD9,1
1413,LRV2-MOD9,1
1414,LRV2-MOD9,1
1415,LRV2-MOD9,1
1416,LRV2-MOD9,1
1417,LRV2-MOD9,1
1418,LRV2-MOD9,1
1419,LRV2-MOD9,1
1420,LRV2-MOD9,1
1421,LRV2-MOD9,1
1422,LRV2-MOD9,1
1423,LRV2-MOD9,1
1424,LRV2-MOD 11,1
1425,LRV2-MOD9,1
1426,LRV2-MOD9,1
1427,LRV2-MOD9,1
1428,LRV2-MOD9,2
1430,LRV2-MOD9,1
1431,LRV2-MOD9,1
1432,LRV2-MOD9,1
1433,COMBINED WITH 1435A,1
1434,LRV2-MOD9,2
1436,LRV2-MOD9,1
1437,LRV2-MOD9,1
1438,LRV2-MOD9,1
1439,LRV2-MOD9,1
1440,LRV2-MOD9,1
1441,BREDA MOD 11,1
1442,LRV2-MOD9,1
1443,LRV2-MOD9,1
1444,LRV2-MOD9,1
1445,LRV2-MOD9,1
1446,LRV2-MOD9,1
1447,LRV2-MOD9,1
1448,LRV2-MOD9,1
1449,LRV2-MOD9,1
1450,BREDA MOD 11,1
1451,LRV2-MOD9,1
1452,BREDA MOD 11,1
1453,LRV2-MOD9,1
1454,LRV2-MOD9,1
1455,LRV2-MOD9,1
1456,LRV2-MOD9,1
1457,LRV2-MOD9,1
1458,LRV2-MOD9,1
1459,LRV2-MOD9,1
1460,LRV2-MOD9,1
1461,LRV2-MOD9,1
1462,LRV2-MOD9. MOD11,1
1463,BREDA MOD 11,1
1464,LRV2-MOD9,1
1465,LRV2-MOD9,1
1466,LRV2-MOD9,1
1467,LRV2-MOD9,1
1468,LRV2-MOD9,1
1469,LRV2-MOD9,1
1470,LRV2-MOD9,1
1471,LRV2-MOD9,1
1472,LRV2-MOD9,1
1473,LRV2-MOD9,1
1474,LRV2-MOD9,1
1475,LRV2-MOD9,1
1476,LRV2-MOD9,1
1477,LRV3-MOD11,1
1478,LRV3-MOD11,1
1479,LRV3-MOD11,1
1480,LRV3-MOD11,1
1481,LRV3-MOD11,1
1482,LRV3-MOD11,1
1483,LRV3-MOD11,1
1484,LRV3-MOD11,1
1485,LRV3-MOD11,1
1486,LRV3-MOD11,1
1487,LRV3-MOD11,1
1488,LRV3-MOD11 - EBALD,1
1489,LRV3-MOD11,1
1490,LRV3-MOD11,1
1491,LRV3-MOD11,1
1492,BREDA MOD 11,1
1493,LRV3-MOD11,1
1494,LRV3-MOD11,1
1495,LRV3-MOD11,1
1496,LRV3-MOD11,1
1497,LRV3-MOD11,1
1498,LRV3-MOD11,1
1499,LRV3-MOD11,1
1500,LRV3-MOD11,1
1501,LRV3-MOD11,1
1502,LRV3-MOD11,1
1503,LRV3-MOD11,1
1504,LRV3-MOD11,1
1505,BREDA MOD 11 - BREDA RETROFIT,1
1506,LRV3-MOD11,1
1507,LRV3-MOD11,1
1508,LRV3-MOD11,1
1509,LRV3-MOD11,1
1510,LRV3-MOD11,1
1511,BREDA MOD 11,1
1512,LRV3-MOD11,1
1513,LRV3-MOD11,1
1514,LRV3-MOD11,1
1515,LRV3-MOD11,1
1516,BREDA MOD 11,1
1517,LRV3-MOD11,1
1518,LRV3-MOD11,1
1519,LRV3-MOD11,1
1520,LRV3-MOD11,1
1521,LRV3-MOD11,1
1522,LRV3-MOD11,1
1523,LRV3-MOD11,1
1524,LRV3-MOD11,1
1525,LRV3-MOD11,1
1526,LRV3-MOD11,1
1527,LRV3-MOD11,1
1528,LRV3-MOD11,1
1529,LRV3-MOD11,1
1530,LRV3-MOD11,1
1531,LRV3-MOD11,1
1532,LRV3-MOD11,1
1533,LRV3-MOD11,1
1534,LRV3-MOD11,1
1535,LRV3-MOD11,1
1536,BREDA MOD 11,1
1537,LRV3-MOD11,1
1538,LRV3-MOD11,1
1539,LRV3-MOD11,1
1540,LRV3-MOD11,1
1541,LRV3-MOD11,1
1542,LRV3-MOD11,1
1543,LRV3-MOD11,1
1544,LRV3-MOD11,1
1545,LRV3-MOD11,1
1546,LRV3-MOD11,1
1547,LRV3-MOD11,1
1548,LRV3-MOD11,1
1549,LRV3-MOD11,1
1550,LRV3-MOD11,257
1807,MILAN,4
1811,MILAN,3
1814,MILAN,1
1815,MILAN,3
1818,MILAN,38
1856,MILAN,3
1859,MILAN,29
1888,MILAN,5
1893,MILAN,2
1895,MILAN,2621
4516,40' FLYER COACH,10
4526,40' FLYER COACH,9
4535,40' FLYER COACH,3
4538,40' FLYER COACH,20
4558,40' FLYER COACH,4
4562,40' FLYER COACH,18
4580,40' FLYER COACH,4
4584,40' FLYER COACH,6
4590,40' FLYER COACH,9
4599,40' FLYER COACH,5
4604,40' FLYER COACH,6
4610,40' FLYER COACH,1
4611,40' FLYER COACH,10
4621,40' FLYER COACH,10
4631,40' FLYER COACH,27
4658,40' FLYER COACH,4
4662,40' FLYER COACH,382
5044,ELECTRIC TROLLEY,113
5157,ELECTRIC TROLLEY,34
5191,ELECTRIC TROLLEY,10
5201,ELECTRIC TROLLEY,17
5218,ELECTRIC TROLLEY,7
5225,ELECTRIC TROLLEY,13
5238,ELECTRIC TROLLEY,2
5240,ELECTRIC TROLLEY,5
5245,ELECTRIC TROLLEY,1
5246,ELECTRIC TROLLEY,8
5254,ELECTRIC TROLLEY,5
5259,ELECTRIC TROLLEY,21
5280,ELECTRIC TROLLEY,7
5287,ELECTRIC TROLLEY,7
5294,ELECTRIC TROLLEY,6
5300,ELECTRIC TROLLEY,3
5303,ELECTRIC TROLLEY,26
5329,ELECTRIC TROLLEY,1
5330,ELECTRIC TROLLEY,2
5332,ELECTRIC TROLLEY,11
5343,ELECTRIC TROLLEY,61
5404,ETI 40' STANDARD,1
5405,ETI 40' STANDARD,2
5407,ETI 40' STANDARD,1
5408,ETI 40' STANDARD,1
5409,ETI 40' STANDARD,1
5410,ETI 40' STANDARD,3
5413,ETI 40' STANDARD,1
5414,ETI 40' STANDARD,1
5415,ETI 40' STANDARD,1
5416,ETI 40' STANDARD,1
5417,ETI 40' STANDARD,2
5419,ETI 40' STANDARD,1
5420,ETI 40' STANDARD,1
5421,ETI 40' STANDARD,1
5422,ETI 40' STANDARD,2
5424,ETI 40' STANDARD,1
5425,ETI 40' STANDARD,3
5428,ETI 40' STANDARD,1
5429,ETI 40' STANDARD,1
5430,ETI 40' STANDARD,2
5432,ETI 40' STANDARD,1
5433,ETI 40' STANDARD,2
5435,ETI 40' STANDARD,1
5436,ETI 40' STANDARD,1
5437,ETI 40' STANDARD,1
5438,ETI 40' STANDARD,2
5440,ETI 40' STANDARD,1
5441,ETI 40' STANDARD,1
5442,ETI 40' STANDARD,1
5443,ETI 40' STANDARD,1
5444,ETI 40' STANDARD,1
5445,ETI 40' STANDARD,1
5446,ETI 40' STANDARD,1
5447,ETI 40' STANDARD,1
5448,ETI 40' STANDARD,1
5449,ETI 40' STANDARD,1
5450,ETI 40' STANDARD,1
5451,ETI 40' STANDARD,1
5452,ETI 40' STANDARD,1
5453,ETI 40' STANDARD,2
5455,ETI 40' STANDARD,1
5456,ETI 40' STANDARD,1
5457,ETI 40' STANDARD,1
5458,ETI 40' STANDARD,2
5460,ETI 40' STANDARD,1
5461,ETI 40' STANDARD,1
5462,ETI 40' STANDARD,1
5463,ETI 40' STANDARD,2
5465,ETI 40' STANDARD,1
5466,ETI 40' STANDARD,1
5467,ETI 40' STANDARD,2
5469,ETI 40' STANDARD,1
5470,ETI 40' STANDARD,1
5471,ETI 40' STANDARD,1
5472,ETI 40' STANDARD,1
5473,ETI 40' STANDARD,1
5474,ETI 40' STANDARD,1
5475,ETI 40' STANDARD,1
5476,ETI STANDARD TROLLEY,1
5477,ETI STANDARD TROLLEY,1
5478,ETI STANDARD TROLLEY,1
5479,ETI STANDARD TROLLEY,1
5480,ETI STANDARD TROLLEY,2
5482,ETI STANDARD TROLLEY,1
5483,ETI STANDARD TROLLEY,1
5484,ETI STANDARD TROLLEY,1
5485,ETI STANDARD TROLLEY,1
5486,ETI STANDARD TROLLEY,1
5487,ETI STANDARD TROLLEY,2
5489,ETI STANDARD TROLLEY,1
5490,ETI STANDARD TROLLEY,1
5491,ETI STANDARD TROLLEY,1
5492,ETI STANDARD TROLLEY,1
5493,ETI STANDARD TROLLEY,1
5494,ETI STANDARD TROLLEY,1
5495,ETI STANDARD TROLLEY,1
5496,ETI STANDARD TROLLEY,1
5497,ETI STANDARD TROLLEY,1
5498,ETI STANDARD TROLLEY,1
5499,ETI STANDARD TROLLEY,1
5500,ETI STANDARD TROLLEY,1
5501,ETI STANDARD TROLLEY,1
5502,ETI STANDARD TROLLEY,1
5503,ETI STANDARD TROLLEY,1
5504,ETI STANDARD TROLLEY,1
5505,ETI STANDARD TROLLEY,1
5506,ETI STANDARD TROLLEY,2
5508,ETI STANDARD TROLLEY,1
5509,ETI STANDARD TROLLEY,1
5510,ETI STANDARD TROLLEY,3
5513,ETI STANDARD TROLLEY,1
5514,ETI STANDARD TROLLEY,1
5515,ETI STANDARD TROLLEY,2
5517,ETI STANDARD TROLLEY,1
5518,ETI STANDARD TROLLEY,1
5519,ETI STANDARD TROLLEY,1
5520,ETI STANDARD TROLLEY,1
5521,ETI STANDARD TROLLEY,2
5523,ETI STANDARD TROLLEY,1
5524,ETI STANDARD TROLLEY,1
5525,ETI STANDARD TROLLEY,1
5526,ETI STANDARD TROLLEY,1
5527,ETI STANDARD TROLLEY,1
5528,ETI STANDARD TROLLEY,1
5529,ETI STANDARD TROLLEY,1
5530,ETI STANDARD TROLLEY,3
5533,ETI STANDARD TROLLEY,1
5534,ETI STANDARD TROLLEY,1
5535,ETI STANDARD TROLLEY,1
5536,ETI STANDARD TROLLEY,2
5538,ETI STANDARD TROLLEY,1
5539,ETI STANDARD TROLLEY,1
5540,ETI STANDARD TROLLEY,1
5541,ETI STANDARD TROLLEY,1
5542,ETI STANDARD TROLLEY,1
5543,ETI STANDARD TROLLEY,1
5544,ETI STANDARD TROLLEY,1
5545,ETI STANDARD TROLLEY,1
5546,ETI STANDARD TROLLEY,1
5547,ETI STANDARD TROLLEY,1
5548,ETI STANDARD TROLLEY,1
5549,ETI STANDARD TROLLEY,1
5550,ETI STANDARD TROLLEY,1
5551,ETI STANDARD TROLLEY,1
5552,ETI STANDARD TROLLEY,1
5553,ETI STANDARD TROLLEY,1
5554,ETI STANDARD TROLLEY,1
5555,ETI STANDARD TROLLEY,1
5556,ETI STANDARD TROLLEY,1
5557,ETI STANDARD TROLLEY,1
5558,ETI STANDARD TROLLEY,1
5559,ETI STANDARD TROLLEY,1
5560,ETI STANDARD TROLLEY,1
5561,ETI STANDARD TROLLEY,1
5562,ETI STANDARD TROLLEY,1
5563,ETI STANDARD TROLLEY,2
5565,ETI STANDARD TROLLEY,1
5566,ETI STANDARD TROLLEY,1
5567,ETI STANDARD TROLLEY,1
5568,ETI STANDARD TROLLEY,1
5569,ETI STANDARD TROLLEY,1
5570,ETI STANDARD TROLLEY,1
5571,ETI STANDARD TROLLEY,1
5572,ETI STANDARD TROLLEY,1
5573,ETI STANDARD TROLLEY,1
5574,ETI STANDARD TROLLEY,1
5575,ETI STANDARD TROLLEY,1
5576,ETI STANDARD TROLLEY,1
5577,ETI STANDARD TROLLEY,1
5578,ETI STANDARD TROLLEY,1
5579,ETI STANDARD TROLLEY,1
5580,ETI STANDARD TROLLEY,1
5581,ETI STANDARD TROLLEY,1
5582,ETI STANDARD TROLLEY,1
5583,ETI STANDARD TROLLEY,1
5584,ETI STANDARD TROLLEY,1
5585,ETI STANDARD TROLLEY,1
5586,ETI STANDARD TROLLEY,1
5587,ETI STANDARD TROLLEY,1
5588,ETI STANDARD TROLLEY,1
5589,ETI STANDARD TROLLEY,1
5590,ETI STANDARD TROLLEY,2
5592,ETI STANDARD TROLLEY,1
5593,ETI STANDARD TROLLEY,1
5594,ETI STANDARD TROLLEY,1
5595,ETI STANDARD TROLLEY,1
5596,ETI STANDARD TROLLEY,1
5597,ETI STANDARD TROLLEY,1
5598,ETI STANDARD TROLLEY,1
5599,ETI STANDARD TROLLEY,1
5600,ETI STANDARD TROLLEY,1
5601,ETI STANDARD TROLLEY,2
5603,ETI STANDARD TROLLEY,1
5604,ETI STANDARD TROLLEY,1
5605,ETI STANDARD TROLLEY,1
5606,ETI STANDARD TROLLEY,1
5607,ETI STANDARD TROLLEY,1
5608,ETI STANDARD TROLLEY,1
5609,ETI STANDARD TROLLEY,1
5610,ETI STANDARD TROLLEY,1
5611,ETI STANDARD TROLLEY,1
5612,ETI STANDARD TROLLEY,1
5613,ETI STANDARD TROLLEY,1
5614,ETI STANDARD TROLLEY,1
5615,ETI STANDARD TROLLEY,1
5616,ETI STANDARD TROLLEY,1
5617,ETI STANDARD TROLLEY,1
5618,ETI STANDARD TROLLEY,3
5621,ETI STANDARD TROLLEY,1
5622,ETI STANDARD TROLLEY,2
5624,ETI STANDARD TROLLEY,1
5625,ETI STANDARD TROLLEY,1
5626,ETI STANDARD TROLLEY,1
5627,ETI STANDARD TROLLEY,1
5628,ETI STANDARD TROLLEY,1
5629,ETI STANDARD TROLLEY,1
5630,ETI STANDARD TROLLEY,1
5631,ETI STANDARD TROLLEY,2
5633,ETI STANDARD TROLLEY,1
5634,ETI STANDARD TROLLEY,1
5635,ETI STANDARD TROLLEY,2
5637,ETI STANDARD TROLLEY,1
5638,ETI STANDARD TROLLEY,1
5639,ETI STANDARD TROLLEY,62
5701,NF 40 TROLLEY,1
5702,NF 40 TROLLEY,1
5703,NF 40 TROLLEY,1
5704,NF 40 TROLLEY,1
5705,NF 40 TROLLEY,1
5706,NF 40 TROLLEY,1
5707,NF 40 TROLLEY,1
5708,NF 40 TROLLEY,1
5709,NF 40 TROLLEY,1
5710,NF 40 TROLLEY,1
5711,NF 40 TROLLEY,1
5712,NF 40 TROLLEY,1
5713,NF 40 TROLLEY,1
5714,NF 40 TROLLEY,1
5715,NF 40 TROLLEY,1
5716,NF 40 TROLLEY,1
5717,NF 40 TROLLEY,1
5718,NF 40 TROLLEY,1
5719,NF 40 TROLLEY,1
5720,NF 40 TROLLEY,1
5721,NF 40 TROLLEY,1
5722,NF 40 TROLLEY,1
5723,NF 40 TROLLEY,1
5724,NF 40 TROLLEY,1
5725,NF 40 TROLLEY,1
5726,NF 40 TROLLEY,1
5727,NF 40 TROLLEY,1
5728,NF 40 TROLLEY,1
5729,NF 40 TROLLEY,1
5730,NF 40 TROLLEY,1
5731,NF 40 TROLLEY,1
5732,NF 40 TROLLEY,1
5733,NF 40 TROLLEY,1
5734,NF 40 TROLLEY,1
5735,NF 40 TROLLEY,1
5736,NF 40 TROLLEY,1
5737,NF 40 TROLLEY,1
5738,NF 40 TROLLEY,1
5739,NF 40 TROLLEY,1
5740,NF 40 TROLLEY,1
5741,NF 40 TROLLEY,1
5742,NF 40 TROLLEY,1
5743,NF 40 TROLLEY,1
5744,NF 40 TROLLEY,1
5745,NF 40 TROLLEY,1
5746,NF 40 TROLLEY,1
5747,NF 40 TROLLEY,1
5748,NF 40 TROLLEY,1
5749,NF 40 TROLLEY,1
5750,NF 40 TROLLEY,1
5751,NF 40 TROLLEY,1
5752,NF 40 TROLLEY,1
5753,NF 40 TROLLEY,1
5754,NF 40 TROLLEY,1
5755,NF 40 TROLLEY,1
5756,NF 40 TROLLEY,1
5757,NF 40 TROLLEY,1
5758,NF 40 TROLLEY,1
5759,NF 40 TROLLEY,1
5760,NF 40 TROLLEY,1
5761,NF 40 TROLLEY,1
5762,NF 40 TROLLEY,1
5763,NF 40 TROLLEY,1
5764,NF 40 TROLLEY,1
5765,NF 40 TROLLEY,1
5766,NF 40 TROLLEY,1
5767,NF 40 TROLLEY,1
5768,NF 40 TROLLEY,1
5769,NF 40 TROLLEY,1
5770,NF 40 TROLLEY,1
5771,NF 40 TROLLEY,1
5772,NF 40 TROLLEY,1
5773,NF 40 TROLLEY,1
5774,NF 40 TROLLEY,1
5775,NF 40 TROLLEY,1
5776,NF 40 TROLLEY,1
5777,NF 40 TROLLEY,1
5778,NF 40 TROLLEY,1
5779,NF 40 TROLLEY,1
5780,NF 40 TROLLEY,1
5781,NF 40 TROLLEY,1
5782,NF 40 TROLLEY,1
5783,NF 40 TROLLEY,1
5784,NF 40 TROLLEY,1
5785,NF 40 TROLLEY,1
5786,NF 40 TROLLEY,1
5787,NF 40 TROLLEY,1
5788,NF 40 TROLLEY,1
5789,NF 40 TROLLEY,1
5790,NF 40 TROLLEY,1
5791,NF 40 TROLLEY,1
5792,NF 40 TROLLEY,1
5793,NF 40 TROLLEY,1
5794,NF 40 TROLLEY,1
5795,NF 40 TROLLEY,1
5796,NF 40 TROLLEY,1
5797,NF 40 TROLLEY,1
5798,NF 40 TROLLEY,1
5799,NF 40 TROLLEY,1
5800,NF 40 TROLLEY,1
5801,NF 40 TROLLEY,1
5802,NF 40 TROLLEY,1
5803,NF 40 TROLLEY,1
5804,NF 40 TROLLEY,1
5805,NF 40 TROLLEY,1
5806,NF 40 TROLLEY,1
5807,NF 40 TROLLEY,1
5808,NF 40 TROLLEY,1
5809,NF 40 TROLLEY,1
5810,NF 40 TROLLEY,1
5811,NF 40 TROLLEY,1
5812,NF 40 TROLLEY,1
5813,NF 40 TROLLEY,1
5814,NF 40 TROLLEY,1
5815,NF 40 TROLLEY,1
5816,NF 40 TROLLEY,1
5817,NF 40 TROLLEY,1
5818,NF 40 TROLLEY,1
5819,NF 40 TROLLEY,1
5820,NF 40 TROLLEY,1
5821,NF 40 TROLLEY,1
5822,NF 40 TROLLEY,1
5823,NF 40 TROLLEY,1
5824,NF 40 TROLLEY,1
5825,NF 40 TROLLEY,1
5826,NF 40 TROLLEY,1
5827,NF 40 TROLLEY,1
5828,NF 40 TROLLEY,1
5829,NF 40 TROLLEY,1
5830,NF 40 TROLLEY,1
5831,NF 40 TROLLEY,1
5832,NF 40 TROLLEY,1
5833,NF 40 TROLLEY,1
5834,NF 40 TROLLEY,1
5835,NF 40 TROLLEY,1
5836,NF 40 TROLLEY,1
5837,NF 40 TROLLEY,1
5838,NF 40 TROLLEY,1
5839,NF 40 TROLLEY,1
5840,NF 40 TROLLEY,1
5841,NF 40 TROLLEY,1
5842,NF 40 TROLLEY,1
5843,NF 40 TROLLEY,1
5844,NF 40 TROLLEY,1
5845,NF 40 TROLLEY,1
5846,NF 40 TROLLEY,1
5847,NF 40 TROLLEY,1
5848,NF 40 TROLLEY,1
5849,NF 40 TROLLEY,1
5850,NF 40 TROLLEY,1
5851,NF 40 TROLLEY,1
5852,NF 40 TROLLEY,1
5853,NF 40 TROLLEY,1
5854,NF 40 TROLLEY,1
5855,NF 40 TROLLEY,1
5856,NF 40 TROLLEY,1
5857,NF 40 TROLLEY,1
5858,NF 40 TROLLEY,1
5859,NF 40 TROLLEY,1
5860,NF 40 TROLLEY,1
5861,NF 40 TROLLEY,1
5862,NF 40 TROLLEY,1
5863,NF 40 TROLLEY,1
5864,NF 40 TROLLEY,1
5865,NF 40 TROLLEY,1
5866,NF 40 TROLLEY,1
5867,NF 40 TROLLEY,1
5868,NF 40 TROLLEY,1
5869,NF 40 TROLLEY,1
5870,NF 40 TROLLEY,1
5871,NF 40 TROLLEY,1
5872,NF 40 TROLLEY,1
5873,NF 40 TROLLEY,1
5874,NF 40 TROLLEY,1
5875,NF 40 TROLLEY,1
5876,NF 40 TROLLEY,1
5877,NF 40 TROLLEY,1
5878,NF 40 TROLLEY,1
5879,NF 40 TROLLEY,1
5880,NF 40 TROLLEY,1
5881,NF 40 TROLLEY,1
5882,NF 40 TROLLEY,1
5883,NF 40 TROLLEY,1
5884,NF 40 TROLLEY,1
5885,NF 40 TROLLEY,317
6202,60' NEOPLAN ARTIC,1
6203,60' NEOPLAN ARTIC,3
6206,60' NEOPLAN ARTIC,1
6207,60' NEOPLAN ARTIC,1
6208,60' NEOPLAN ARTIC,8
6216,60' NEOPLAN ARTIC,10
6226,60' NEOPLAN ARTIC,5
6231,60' NEOPLAN ARTIC,1
6232,60' NEOPLAN ARTIC,2
6234,60' NEOPLAN ARTIC,1
6235,60' NEOPLAN ARTIC,4
6239,60' NEOPLAN ARTIC,1
6240,60' NEOPLAN ARTIC,3
6243,60' NEOPLAN ARTIC,4
6247,60' NEOPLAN ARTIC,1
6248,60' NEOPLAN ARTIC,2
6250,60' NEOPLAN ARTIC,1
6251,60' NEOPLAN ARTIC,1
6252,60' NEOPLAN ARTIC,1
6253,60' NEOPLAN ARTIC,2
6255,60' NEOPLAN ARTIC,2
6257,60' NEOPLAN ARTIC,1
6258,60' NEOPLAN ARTIC,4
6262,60' NEOPLAN ARTIC,1
6263,60' NEOPLAN ARTIC,2
6265,60' NEOPLAN ARTIC,1
6266,60' NEOPLAN ARTIC,2
6268,60' NEOPLAN ARTIC,3
6271,60' NEOPLAN ARTIC,2
6273,60' NEOPLAN ARTIC,1
6274,60' NEOPLAN ARTIC,1
6275,60' NEOPLAN ARTIC,1
6276,60' NEOPLAN ARTIC,2
6278,60' NEOPLAN ARTIC,2
6280,60' NEOPLAN ARTIC,2
6282,60' NEOPLAN ARTIC,4
6286,60' NEOPLAN ARTIC,2
6288,60' NEOPLAN ARTIC,4
6292,60' NEOPLAN ARTIC,2
6294,60' NEOPLAN ARTIC,2
6296,60' NEOPLAN ARTIC,1
6297,60' NEOPLAN ARTIC,1
6298,60' NEOPLAN ARTIC,1
6299,60' NEOPLAN ARTIC,103
6402,60' NEOPLAN ARTIC,1
6403,60' NEOPLAN ARTIC,7
6410,60' NEOPLAN ARTIC,1
6411,60' NEOPLAN ARTIC,3
6414,60' NEOPLAN ARTIC,1
6415,60' NEOPLAN ARTIC,1
6416,60' NEOPLAN ARTIC,4
6420,60' NEOPLAN ARTIC,1
6421,60' NEOPLAN ARTIC,3
6424,60' NEOPLAN ARTIC,76
6500,NEW FLYER 60 HYBRID - ALLISON,1
6501,NEW FLYER 60 HYBRID - ALLISON,1
6502,NEW FLYER 60 HYBRID - ALLISON,1
6503,NEW FLYER 60 HYBRID - ALLISON,1
6504,NEW FLYER 60 HYBRID - ALLISON,1
6505,NEW FLYER 60 HYBRID - ALLISON,1
6506,NEW FLYER 60 HYBRID - ALLISON,1
6507,NEW FLYER 60 HYBRID - ALLISON,1
6508,NEW FLYER 60 HYBRID - ALLISON,1
6509,NEW FLYER 60 HYBRID - ALLISON,1
6510,NEW FLYER 60 HYBRID - ALLISON,1
6511,NEW FLYER 60 HYBRID - ALLISON,1
6512,NEW FLYER 60 HYBRID - ALLISON,1
6513,NEW FLYER 60 HYBRID - ALLISON,1
6514,NEW FLYER 60 HYBRID - ALLISON,1
6515,NEW FLYER 60 HYBRID - ALLISON,1
6516,NEW FLYER 60 HYBRID - ALLISON,1
6517,NEW FLYER 60 HYBRID - ALLISON,1
6518,NEW FLYER 60 HYBRID - ALLISON,1
6519,NEW FLYER 60 HYBRID - ALLISON,1
6520,NEW FLYER 60 HYBRID - ALLISON,1
6521,NEW FLYER 60 HYBRID - ALLISON,1
6522,NEW FLYER 60 HYBRID - ALLISON,1
6523,NEW FLYER 60 HYBRID - ALLISON,1
6524,NEW FLYER 60 HYBRID - ALLISON,1
6525,NEW FLYER 60 HYBRID - ALLISON,1
6526,NEW FLYER 60 HYBRID - ALLISON,1
6527,NEW FLYER 60 HYBRID - ALLISON,1
6528,NEW FLYER 60 HYBRID - ALLISON,1
6529,NEW FLYER 60 HYBRID - ALLISON,1
6530,NEW FLYER 60 HYBRID - ALLISON,1
6531,NEW FLYER 60 HYBRID - ALLISON,1
6532,NEW FLYER 60 HYBRID - ALLISON,1
6533,NEW FLYER 60 HYBRID - ALLISON,1
6534,NEW FLYER 60 HYBRID - ALLISON,1
6535,NEW FLYER 60 HYBRID - ALLISON,1
6536,NEW FLYER 60 HYBRID - ALLISON,1
6537,NEW FLYER 60 HYBRID - ALLISON,1
6538,NEW FLYER 60 HYBRID - ALLISON,1
6539,NEW FLYER 60 HYBRID - ALLISON,1
6540,NEW FLYER 60 HYBRID - ALLISON,1
6541,NEW FLYER 60 HYBRID - ALLISON,1
6542,NEW FLYER 60 HYBRID - ALLISON,1
6543,NEW FLYER 60 HYBRID - ALLISON,1
6544,NEW FLYER 60 HYBRID - ALLISON,1
6545,NEW FLYER 60 HYBRID - ALLISON,1
6546,NEW FLYER 60 HYBRID - ALLISON,1
6547,NEW FLYER 60 HYBRID - ALLISON,1
6548,NEW FLYER 60 HYBRID - ALLISON,1
6549,NEW FLYER 60 HYBRID - ALLISON,1
6550,NEW FLYER 60 HYBRID - ALLISON,1
6551,NEW FLYER 60 HYBRID - ALLISON,1
6552,NEW FLYER 60 HYBRID - ALLISON,1
6553,NEW FLYER 60 HYBRID - ALLISON,1
6554,NEW FLYER 60 HYBRID - ALLISON,6
6560,NEW FLYER 60 HYBRID - ALLISON,1
6561,NEW FLYER 60 HYBRID - ALLISON,1
6562,NEW FLYER 60 HYBRID - ALLISON,1
6563,NEW FLYER 60 HYBRID - ALLISON,1
6564,NEW FLYER 60 HYBRID - ALLISON,1
6565,NEW FLYER 60 HYBRID - ALLISON,1
6566,NEW FLYER 60 HYBRID - ALLISON,1
6567,NEW FLYER 60 HYBRID - ALLISON,1
6568,NEW FLYER 60 HYBRID - ALLISON,1
6569,NEW FLYER 60 HYBRID - ALLISON,1
6570,NEW FLYER 60 HYBRID - ALLISON,1
6571,NEW FLYER 60 HYBRID - ALLISON,1
6572,NEW FLYER 60 HYBRID - ALLISON,1
6573,NEW FLYER 60 HYBRID - ALLISON,1
6574,NEW FLYER 60 HYBRID - ALLISON,1
6575,NEW FLYER 60 HYBRID - ALLISON,1
6576,NEW FLYER 60 HYBRID - ALLISON,1
6577,NEW FLYER 60 HYBRID - ALLISON,1
6578,NEW FLYER 60 HYBRID - ALLISON,1
6579,NEW FLYER 60 HYBRID - ALLISON,1
6580,NEW FLYER 60 HYBRID - ALLISON,1
6581,NEW FLYER 60 HYBRID - ALLISON,1
6582,NEW FLYER 60 HYBRID - ALLISON,1
6583,NEW FLYER 60 HYBRID - ALLISON,1
6584,NEW FLYER 60 HYBRID - ALLISON,1
6585,NEW FLYER 60 HYBRID - ALLISON,1
6586,NEW FLYER 60 HYBRID - ALLISON,1
6587,NEW FLYER 60 HYBRID - ALLISON,1
6588,NEW FLYER 60 HYBRID - ALLISON,1
6589,NEW FLYER 60 HYBRID - ALLISON,1
6590,NEW FLYER 60 HYBRID - ALLISON,1
6591,NEW FLYER 60 HYBRID - ALLISON,1
6592,NEW FLYER 60 HYBRID - ALLISON,1
6593,NEW FLYER 60 HYBRID - ALLISON,1
6594,NEW FLYER 60 HYBRID - ALLISON,1
6595,NEW FLYER 60 HYBRID - ALLISON,1
6596,NEW FLYER 60 HYBRID - ALLISON,1
6597,NEW FLYER 60 HYBRID - ALLISON,1
6598,NEW FLYER 60 HYBRID - ALLISON,1
6599,NEW FLYER 60 HYBRID - ALLISON,1
6600,NEW FLYER 60 HYBRID - ALLISON,1
6601,NEW FLYER 60 HYBRID - ALLISON,1
6602,NEW FLYER 60 HYBRID - ALLISON,1
6603,NEW FLYER 60 HYBRID - ALLISON,1
6604,NEW FLYER 60 HYBRID - ALLISON,1
6605,NEW FLYER 60 HYBRID - ALLISON,1
6606,NEW FLYER 60 HYBRID - ALLISON,1
6607,NEW FLYER 60 HYBRID - ALLISON,1
6608,NEW FLYER 60 HYBRID - ALLISON,1
6609,NEW FLYER 60 HYBRID - ALLISON,1
6610,NEW FLYER 60 HYBRID - ALLISON,1
6611,NEW FLYER 60 HYBRID - ALLISON,1
6612,NEW FLYER 60 HYBRID - ALLISON,1
6613,NEW FLYER 60 HYBRID - ALLISON,1
6614,NEW FLYER 60 HYBRID - ALLISON,1
6615,NEW FLYER 60 HYBRID - ALLISON,1
6616,NEW FLYER 60 HYBRID - ALLISON,1
6617,NEW FLYER 60 HYBRID - ALLISON,1
6618,NEW FLYER 60 HYBRID - ALLISON,1
6619,NEW FLYER 60 HYBRID - ALLISON,1
6620,NEW FLYER 60 HYBRID - ALLISON,1
6621,NEW FLYER 60 HYBRID - ALLISON,1
6622,NEW FLYER 60 HYBRID - ALLISON,1
6623,NEW FLYER 60 HYBRID - ALLISON,1
6624,NEW FLYER 60 HYBRID - ALLISON,1
6625,NEW FLYER 60 HYBRID - ALLISON,1
6626,NEW FLYER 60 HYBRID - ALLISON,1
6627,NEW FLYER 60 HYBRID - ALLISON,1
6628,NEW FLYER 60 HYBRID - ALLISON,1
6629,NEW FLYER 60 HYBRID - ALLISON,1
6630,NEW FLYER 60 HYBRID - ALLISON,1
6631,NEW FLYER 60 HYBRID - ALLISON,1
6632,NEW FLYER 60 HYBRID - ALLISON,1
6633,NEW FLYER 60 HYBRID - ALLISON,1
6634,NEW FLYER 60 HYBRID - ALLISON,1
6635,NEW FLYER 60 HYBRID - ALLISON,1
6636,NEW FLYER 60 HYBRID - ALLISON,1
6637,NEW FLYER 60 HYBRID - ALLISON,1
6638,NEW FLYER 60 HYBRID - ALLISON,1
6639,NEW FLYER 60 HYBRID - ALLISON,1
6640,NEW FLYER 60 HYBRID - ALLISON,1
6641,NEW FLYER 60 HYBRID - ALLISON,1
6642,NEW FLYER 60 HYBRID - ALLISON,1
6643,NEW FLYER 60 HYBRID - ALLISON,1
6644,NEW FLYER 60 HYBRID - ALLISON,1
6645,NEW FLYER 60 HYBRID - ALLISON,1
6646,NEW FLYER 60 HYBRID - ALLISON,1
6647,NEW FLYER 60 HYBRID - ALLISON,1
6648,NEW FLYER 60 HYBRID - ALLISON,1
6649,NEW FLYER 60 HYBRID - ALLISON,1
6650,NEW FLYER 60 HYBRID - ALLISON,1
6651,NEW FLYER 60 HYBRID - ALLISON,1
6652,NEW FLYER 60 HYBRID - ALLISON,1
6653,NEW FLYER 60 HYBRID - ALLISON,1
6654,NEW FLYER 60 HYBRID - ALLISON,1
6655,NEW FLYER 60 HYBRID - ALLISON,1
6656,NEW FLYER 60 HYBRID - ALLISON,1
6657,NEW FLYER 60 HYBRID - ALLISON,1
6658,NEW FLYER 60 HYBRID - ALLISON,1
6659,NEW FLYER 60 HYBRID - ALLISON,1
6660,NEW FLYER 60 HYBRID - ALLISON,1
6661,NEW FLYER 60 HYBRID - ALLISON,1
6662,NEW FLYER 60 HYBRID - ALLISON,1
6663,NEW FLYER 60 HYBRID - ALLISON,1
6664,NEW FLYER 60 HYBRID - ALLISON,1
6665,NEW FLYER 60 HYBRID - ALLISON,1
6666,NEW FLYER 60 HYBRID - ALLISON,1
6667,NEW FLYER 60 HYBRID - ALLISON,1
6668,NEW FLYER 60 HYBRID - ALLISON,1
6669,NEW FLYER 60 HYBRID - ALLISON,1
6670,NEW FLYER 60 HYBRID - ALLISON,1
6671,NEW FLYER 60 HYBRID - ALLISON,1
6672,NEW FLYER 60 HYBRID - ALLISON,1
6673,NEW FLYER 60 HYBRID - ALLISON,1
6674,NEW FLYER 60 HYBRID - ALLISON,1
6675,NEW FLYER 60 HYBRID - ALLISON,1
6676,NEW FLYER 60 HYBRID - ALLISON,1
6677,NEW FLYER 60 HYBRID - ALLISON,1
6678,NEW FLYER 60 HYBRID - ALLISON,1
6679,NEW FLYER 60 HYBRID - ALLISON,1
6680,NEW FLYER 60 HYBRID - ALLISON,1
6681,NEW FLYER 60 HYBRID - ALLISON,1
6682,NEW FLYER 60 HYBRID - ALLISON,1
6683,NEW FLYER 60 HYBRID - ALLISON,1
6684,NEW FLYER 60 HYBRID - ALLISON,1
6685,NEW FLYER 60 HYBRID - ALLISON,1
6686,NEW FLYER 60 HYBRID - ALLISON,1
6687,NEW FLYER 60 HYBRID - ALLISON,1
6688,NEW FLYER 60 HYBRID - ALLISON,1
6689,NEW FLYER 60 HYBRID - ALLISON,1
6690,NEW FLYER 60 HYBRID - ALLISON,1
6691,NEW FLYER 60 HYBRID - ALLISON,1
6692,NEW FLYER 60 HYBRID - ALLISON,1
6693,NEW FLYER 60 HYBRID - ALLISON,1
6694,NEW FLYER 60 HYBRID - ALLISON,1
6695,NEW FLYER 60 HYBRID - ALLISON,1
6696,NEW FLYER 60 HYBRID - ALLISON,1
6697,NEW FLYER 60 HYBRID - ALLISON,3
6700,NEW FLYER 60 HYBRID - BAE,1
6701,NEW FLYER 60 HYBRID - BAE,1
6702,NEW FLYER 60 HYBRID - BAE,1
6703,NEW FLYER 60 HYBRID - BAE,1
6704,NEW FLYER 60 HYBRID - BAE,1
6705,NEW FLYER 60 HYBRID - BAE,1
6706,NEW FLYER 60 HYBRID - BAE,1
6707,NEW FLYER 60 HYBRID - BAE,1
6708,NEW FLYER 60 HYBRID - BAE,1
6709,NEW FLYER 60 HYBRID - BAE,1
6710,NEW FLYER 60 HYBRID - BAE,1
6711,NEW FLYER 60 HYBRID - BAE,1
6712,NEW FLYER 60 HYBRID - BAE,1
6713,NEW FLYER 60 HYBRID - BAE,1
6714,NEW FLYER 60 HYBRID - BAE,1
6715,NEW FLYER 60 HYBRID - BAE,1
6716,NEW FLYER 60 HYBRID - BAE,1
6717,NEW FLYER 60 HYBRID - BAE,1
6718,NEW FLYER 60 HYBRID - BAE,1
6719,NEW FLYER 60 HYBRID - BAE,1
6720,NEW FLYER 60 HYBRID - BAE,1
6721,NEW FLYER 60 HYBRID - BAE,1
6722,NEW FLYER 60 HYBRID - BAE,1
6723,NEW FLYER 60 HYBRID - BAE,1
6724,NEW FLYER 60 HYBRID - BAE,1
6725,NEW FLYER 60 HYBRID - BAE,1
6726,NEW FLYER 60 HYBRID - BAE,1
6727,NEW FLYER 60 HYBRID - BAE,1
6728,NEW FLYER 60 HYBRID - BAE,1
6729,NEW FLYER 60 HYBRID - BAE,1
6730,NEW FLYER 60 HYBRID - BAE,315
7045,ARTICULATED FLYER,8
7053,ARTICULATED FLYER,3
7056,ARTICULATED FLYER,49
7105,ETI 60' ARTIC,7
7112,ETI 60' ARTIC,89
7201,NF 60 TROLLEY,1
7202,NF 60 TROLLEY,1
7203,NF 60 TROLLEY,1
7204,NF 60 TROLLEY,1
7205,NF 60 TROLLEY,1
7206,NF 60 TROLLEY,1
7207,NF 60 TROLLEY,1
7208,NF 60 TROLLEY,1
7209,NF 60 TROLLEY,1
7210,NF 60 TROLLEY,1
7211,NF 60 TROLLEY,1
7212,NF 60 TROLLEY,1
7213,NF 60 TROLLEY,1
7214,NF 60 TROLLEY,1
7215,NF 60 TROLLEY,1
7216,NF 60 TROLLEY,1
7217,NF 60 TROLLEY,1
7218,NF 60 TROLLEY,1
7219,NF 60 TROLLEY,1
7220,NF 60 TROLLEY,1
7221,NF 60 TROLLEY,1
7222,NF 60 TROLLEY,1
7223,NF 60 TROLLEY,1
7224,NF 60 TROLLEY,1
7225,NF 60 TROLLEY,1
7226,NF 60 TROLLEY,1
7227,NF 60 TROLLEY,1
7228,NF 60 TROLLEY,1
7229,NF 60 TROLLEY,1
7230,NF 60 TROLLEY,1
7231,NF 60 TROLLEY,1
7232,NF 60 TROLLEY,1
7233,NF 60 TROLLEY,1
7234,NF 60 TROLLEY,1
7235,NF 60 TROLLEY,1
7236,NF 60 TROLLEY,1
7237,NF 60 TROLLEY,1
7238,NF 60 TROLLEY,1
7239,NF 60 TROLLEY,1
7240,NF 60 TROLLEY,1
7241,NF 60 TROLLEY,1
7242,NF 60 TROLLEY,1
7243,NF 60 TROLLEY,1
7244,NF 60 TROLLEY,1
7245,NF 60 TROLLEY,1
7246,NF 60 TROLLEY,1
7247,NF 60 TROLLEY,1
7248,NF 60 TROLLEY,1
7249,NF 60 TROLLEY,1
7250,NF 60 TROLLEY,1
7251,NF 60 TROLLEY,1
7252,NF 60 TROLLEY,1
7253,NF 60 TROLLEY,1
7254,NF 60 TROLLEY,1
7255,NF 60 TROLLEY,1
7256,NF 60 TROLLEY,1
7257,NF 60 TROLLEY,1
7258,NF 60 TROLLEY,1
7259,NF 60 TROLLEY,1
7260,NF 60 TROLLEY,1
7261,NF 60 TROLLEY,1
7262,NF 60 TROLLEY,1
7263,NF 60 TROLLEY,1
7264,NF 60 TROLLEY,1
7265,NF 60 TROLLEY,1
7266,NF 60 TROLLEY,1
7267,NF 60 TROLLEY,1
7268,NF 60 TROLLEY,1
7269,NF 60 TROLLEY,1
7270,NF 60 TROLLEY,1
7271,NF 60 TROLLEY,1
7272,NF 60 TROLLEY,1
7273,NF 60 TROLLEY,1
7274,NF 60 TROLLEY,1
7275,NF 60 TROLLEY,1
7276,NF 60 TROLLEY,1
7277,NF 60 TROLLEY,1
7278,NF 60 TROLLEY,1
7279,NF 60 TROLLEY,1
7280,NF 60 TROLLEY,1
7281,NF 60 TROLLEY,1
7282,NF 60 TROLLEY,1
7283,NF 60 TROLLEY,1
7284,NF 60 TROLLEY,1
7285,NF 60 TROLLEY,1
7286,NF 60 TROLLEY,1
7287,NF 60 TROLLEY,1
7288,NF 60 TROLLEY,1
7289,NF 60 TROLLEY,1
7290,NF 60 TROLLEY,1
7291,NF 60 TROLLEY,1
7292,NF 60 TROLLEY,1
7293,NF 60 TROLLEY,808
8101,40' NEOPLAN,1
8102,40' NEOPLAN,3
8105,40' NEOPLAN,1
8106,40' NEOPLAN,1
8107,40' NEOPLAN,2
8109,40' NEOPLAN,1
8110,40' NEOPLAN,3
8113,40' NEOPLAN,1
8114,40' NEOPLAN,1
8115,40' NEOPLAN,2
8117,40' NEOPLAN,2
8119,40' NEOPLAN,1
8120,40' NEOPLAN,1
8121,40' NEOPLAN,2
8123,40' NEOPLAN,2
8125,40' NEOPLAN,2
8127,40' NEOPLAN,2
8129,40' NEOPLAN,1
8130,40' NEOPLAN,1
8131,40' NEOPLAN,1
8132,40' NEOPLAN,1
8133,40' NEOPLAN,2
8135,40' NEOPLAN,1
8136,40' NEOPLAN,2
8138,40' NEOPLAN,4
8142,40' NEOPLAN,2
8144,40' NEOPLAN,1
8145,40' NEOPLAN,1
8146,40' NEOPLAN,2
8148,40' NEOPLAN,1
8149,40' NEOPLAN,3
8152,40' NEOPLAN,1
8153,40' NEOPLAN,1
8154,40' NEOPLAN,1
8155,40' NEOPLAN,1
8156,40' NEOPLAN,1
8157,40' NEOPLAN,1
8158,40' NEOPLAN,1
8159,40' NEOPLAN,1
8160,40' NEOPLAN,1
8161,40' NEOPLAN,2
8163,40' NEOPLAN,1
8164,40' NEOPLAN,1
8165,40' NEOPLAN,4
8169,40' NEOPLAN,2
8171,40' NEOPLAN,1
8172,40' NEOPLAN,2
8174,40' NEOPLAN,1
8175,40' NEOPLAN,1
8176,40' NEOPLAN,2
8178,40' NEOPLAN,2
8180,40' NEOPLAN,1
8181,40' NEOPLAN,1
8182,40' NEOPLAN,1
8183,40' NEOPLAN,1
8184,40' NEOPLAN,1
8185,40' NEOPLAN,3
8188,40' NEOPLAN,1
8189,40' NEOPLAN,3
8192,40' NEOPLAN,1
8193,40' NEOPLAN,1
8194,40' NEOPLAN,1
8195,40' NEOPLAN,4
8199,40' NEOPLAN,1
8200,40' NEOPLAN,1
8201,40' NEOPLAN,1
8202,40' NEOPLAN,1
8203,40' NEOPLAN,2
8205,40' NEOPLAN,1
8206,40' NEOPLAN,1
8207,40' NEOPLAN,1
8208,40' NEOPLAN,1
8209,40' NEOPLAN,1
8210,40' NEOPLAN,1
8211,40' NEOPLAN,1
8212,40' NEOPLAN,2
8214,40' NEOPLAN,2
8216,40' NEOPLAN,1
8217,40' NEOPLAN,1
8218,40' NEOPLAN,3
8221,40' NEOPLAN,1
8222,40' NEOPLAN,1
8223,40' NEOPLAN,1
8224,40' NEOPLAN,1
8225,40' NEOPLAN,2
8227,40' NEOPLAN,3
8230,40' NEOPLAN,1
8231,40' NEOPLAN,3
8234,40' NEOPLAN,67
8301,40' NEOPLAN,1
8302,40' NEOPLAN,1
8303,40' NEOPLAN,1
8304,40' NEOPLAN,1
8305,40' NEOPLAN,1
8306,40' NEOPLAN,1
8307,40' NEOPLAN,1
8308,40' NEOPLAN,2
8310,40' NEOPLAN,2
8312,40' NEOPLAN,1
8313,40' NEOPLAN,1
8314,40' NEOPLAN,2
8316,40' NEOPLAN,1
8317,40' NEOPLAN,1
8318,40' NEOPLAN,2
8320,40' NEOPLAN,1
8321,40' NEOPLAN,1
8322,40' NEOPLAN,1
8323,40' NEOPLAN,1
8324,40' NEOPLAN,1
8325,40' NEOPLAN,1
8326,40' NEOPLAN,1
8327,40' NEOPLAN,1
8328,40' NEOPLAN,1
8329,40' NEOPLAN,1
8330,40' NEOPLAN,1
8331,40' NEOPLAN,1
8332,40' NEOPLAN,1
8333,40' NEOPLAN,1
8334,40' NEOPLAN,2
8336,40' NEOPLAN,1
8337,40' NEOPLAN,1
8338,40' NEOPLAN,1
8339,40' NEOPLAN,2
8341,40' NEOPLAN,1
8342,40' NEOPLAN,2
8344,40' NEOPLAN,1
8345,40' NEOPLAN,1
8346,40' NEOPLAN,1
8347,40' NEOPLAN,2
8349,40' NEOPLAN,2
8351,40' NEOPLAN,1
8352,40' NEOPLAN,1
8353,40' NEOPLAN,1
8354,40' NEOPLAN,2
8356,40' NEOPLAN,5
8361,40' NEOPLAN,1
8362,40' NEOPLAN,1
8363,40' NEOPLAN,1
8364,40' NEOPLAN,1
8365,40' NEOPLAN,2
8367,40' NEOPLAN,1
8368,40' NEOPLAN,1
8369,40' NEOPLAN,1
8370,40' NEOPLAN,1
8371,40' NEOPLAN,30
8401,ORION VII 40' HYBRID,1
8402,ORION VII 40' HYBRID,1
8403,ORION VII 40' HYBRID,1
8404,ORION VII 40' HYBRID,1
8405,ORION VII 40' HYBRID,1
8406,ORION VII 40' HYBRID,1
8407,ORION VII 40' HYBRID,1
8408,ORION VII 40' HYBRID,1
8409,ORION VII 40' HYBRID,1
8410,ORION VII 40' HYBRID,1
8411,ORION VII 40' HYBRID,1
8412,ORION VII 40' HYBRID,1
8413,ORION VII 40' HYBRID,1
8414,ORION VII 40' HYBRID,1
8415,ORION VII 40' HYBRID,1
8416,ORION VII 40' HYBRID,1
8417,ORION VII 40' HYBRID,1
8418,ORION VII 40' HYBRID,1
8419,ORION VII 40' HYBRID,1
8420,ORION VII 40' HYBRID,1
8421,ORION VII 40' HYBRID,1
8422,ORION VII 40' HYBRID,1
8423,ORION VII 40' HYBRID,1
8424,ORION VII 40' HYBRID,1
8425,ORION VII 40' HYBRID,1
8426,ORION VII 40' HYBRID,1
8427,ORION VII 40' HYBRID,1
8428,ORION VII 40' HYBRID,1
8429,ORION VII 40' HYBRID,1
8430,ORION VII 40' HYBRID,1
8431,ORION VII 40' HYBRID,1
8432,ORION VII 40' HYBRID,1
8433,ORION VII 40' HYBRID,1
8434,ORION VII 40' HYBRID,1
8435,ORION VII 40' HYBRID,1
8436,ORION VII 40' HYBRID,1
8437,ORION VII 40' HYBRID,1
8438,ORION VII 40' HYBRID,1
8439,ORION VII 40' HYBRID,1
8440,ORION VII 40' HYBRID,1
8441,ORION VII 40' HYBRID,1
8442,ORION VII 40' HYBRID,1
8443,ORION VII 40' HYBRID,1
8444,ORION VII 40' HYBRID,1
8445,ORION VII 40' HYBRID,1
8446,ORION VII 40' HYBRID,1
8447,ORION VII 40' HYBRID,1
8448,ORION VII 40' HYBRID,1
8449,ORION VII 40' HYBRID,1
8450,ORION VII 40' HYBRID,1
8451,ORION VII 40' HYBRID,1
8452,ORION VII 40' HYBRID,1
8453,ORION VII 40' HYBRID,1
8454,ORION VII 40' HYBRID,1
8455,ORION VII 40' HYBRID,1
8456,ORION VII 40' HYBRID,45
8501,ORION VII 30' HYBRID,1
8502,ORION VII 30' HYBRID,1
8503,ORION VII 30' HYBRID,1
8504,ORION VII 30' HYBRID,1
8505,ORION VII 30' HYBRID,1
8506,ORION VII 30' HYBRID,1
8507,ORION VII 30' HYBRID,1
8508,ORION VII 30' HYBRID,1
8509,ORION VII 30' HYBRID,1
8510,ORION VII 30' HYBRID,1
8511,ORION VII 30' HYBRID,1
8512,ORION VII 30' HYBRID,1
8513,ORION VII 30' HYBRID,1
8514,ORION VII 30' HYBRID,1
8515,ORION VII 30' HYBRID,1
8516,ORION VII 30' HYBRID,1
8517,ORION VII 30' HYBRID,1
8518,ORION VII 30' HYBRID,1
8519,ORION VII 30' HYBRID,1
8520,ORION VII 30' HYBRID,1
8521,ORION VII 30' HYBRID,1
8522,ORION VII 30' HYBRID,1
8523,ORION VII 30' HYBRID,1
8524,ORION VII 30' HYBRID,1
8525,ORION VII 30' HYBRID,1
8526,ORION VII 30' HYBRID,1
8527,ORION VII 30' HYBRID,1
8528,ORION VII 30' HYBRID,1
8529,ORION VII 30' HYBRID,1
8530,ORION VII 40' HYBRID,71
8601,NEW FLYER 40FT ALLISON,1
8602,NEW FLYER 40FT ALLISON,1
8603,NEW FLYER 40FT ALLISON,1
8604,NEW FLYER 40FT ALLISON,1
8605,NEW FLYER 40FT ALLISON,1
8606,NEW FLYER 40FT ALLISON,1
8607,NEW FLYER 40FT ALLISON,1
8608,NEW FLYER 40FT ALLISON,1
8609,NEW FLYER 40FT ALLISON,1
8610,NEW FLYER 40FT ALLISON,1
8611,NEW FLYER 40FT ALLISON,1
8612,NEW FLYER 40FT ALLISON,1
8613,NEW FLYER 40FT ALLISON,1
8614,NEW FLYER 40FT ALLISON,1
8615,NEW FLYER 40FT ALLISON,1
8616,NEW FLYER 40FT ALLISON,1
8617,NEW FLYER 40FT ALLISON,1
8618,NEW FLYER 40FT ALLISON,1
8619,NEW FLYER 40FT ALLISON,1
8620,NEW FLYER 40FT ALLISON,1
8621,NEW FLYER 40FT ALLISON,1
8622,NEW FLYER 40FT ALLISON,1
8623,NEW FLYER 40FT ALLISON,1
8624,NEW FLYER 40FT BAE,1
8625,NEW FLYER 40FT BAE,1
8626,NEW FLYER 40FT BAE,1
8627,NEW FLYER 40FT BAE,1
8628,NEW FLYER 40FT BAE,1
8629,NEW FLYER 40FT BAE,1
8630,NEW FLYER 40FT BAE,1
8631,NEW FLYER 40FT BAE,1
8632,NEW FLYER 40FT BAE,1
8633,NEW FLYER 40FT BAE,1
8634,NEW FLYER 40FT BAE,1
8635,NEW FLYER 40FT BAE,1
8636,NEW FLYER 40FT BAE,1
8637,NEW FLYER 40FT BAE,1
8638,NEW FLYER 40FT BAE,1
8639,NEW FLYER 40FT BAE,1
8640,NEW FLYER 40FT BAE,1
8641,NEW FLYER 40FT BAE,1
8642,NEW FLYER 40FT BAE,1
8643,NEW FLYER 40FT BAE,1
8644,NEW FLYER 40FT BAE,1
8645,NEW FLYER 40FT BAE,1
8646,NEW FLYER 40FT BAE,1
8647,NEW FLYER 40FT BAE,1
8648,NEW FLYER 40FT BAE,1
8649,NEW FLYER 40FT BAE,1
8650,NEW FLYER 40FT BAE,1
8651,NEW FLYER 40FT BAE,1
8652,NEW FLYER 40FT BAE,1
8653,NEW FLYER 40FT BAE,1
8654,NEW FLYER 40FT BAE,1
8655,NEW FLYER 40FT BAE,1
8656,NEW FLYER 40FT BAE,1
8657,NEW FLYER 40FT BAE,1
8658,NEW FLYER 40FT BAE,1
8659,NEW FLYER 40FT BAE,1
8660,NEW FLYER 40FT BAE,1
8661,NEW FLYER 40FT BAE,1
8662,NEW FLYER 40FT BAE,39
8701,NEW FLYER 40FT BAE,1
8702,NEW FLYER 40FT BAE,1
8703,NEW FLYER 40FT BAE,1
8704,NEW FLYER 40FT BAE,1
8705,NEW FLYER 40FT BAE,1
8706,NEW FLYER 40FT BAE,1
8707,NEW FLYER 40FT BAE,1
8708,NEW FLYER 40FT BAE,1
8709,NEW FLYER 40FT BAE,1
8710,NEW FLYER 40FT BAE,1
8711,NEW FLYER 40FT BAE,1
8712,NEW FLYER 40FT BAE,1
8713,NEW FLYER 40FT BAE,1
8714,NEW FLYER 40FT BAE,1
8715,NEW FLYER 40FT BAE,1
8716,NEW FLYER 40FT BAE,1
8717,NEW FLYER 40FT BAE,1
8718,NEW FLYER 40FT BAE,1
8719,NEW FLYER 40FT BAE,1
8720,NEW FLYER 40FT BAE,1
8721,NEW FLYER 40FT BAE,1
8722,NEW FLYER 40FT BAE,1
8723,NEW FLYER 40FT BAE,1
8724,NEW FLYER 40FT BAE,1
8725,NEW FLYER 40FT BAE,1
8726,NEW FLYER 40FT BAE,1
8727,NEW FLYER 40FT BAE,1
8728,NEW FLYER 40FT BAE,1
8729,NEW FLYER 40FT BAE,1
8730,NEW FLYER 40FT BAE,1
8731,NEW FLYER 40FT BAE,1
8732,NEW FLYER 40FT BAE,1
8733,NEW FLYER 40FT BAE,1
8734,NEW FLYER 40FT BAE,1
8735,NEW FLYER 40FT BAE,1
8736,NEW FLYER 40FT BAE,1
8737,NEW FLYER 40FT BAE,1
8738,NEW FLYER 40FT BAE,1
8739,NEW FLYER 40FT BAE,1
8740,NEW FLYER 40FT BAE,1
8741,NEW FLYER 40FT BAE,1
8742,NEW FLYER 40FT BAE,1
8743,NEW FLYER 40FT BAE,1
8744,NEW FLYER 40FT BAE,1
8745,NEW FLYER 40FT BAE,1
8746,NEW FLYER 40FT BAE,1
8747,NEW FLYER 40FT BAE,1
8748,NEW FLYER 40FT BAE,1
8749,NEW FLYER 40FT BAE,1
8750,NEW FLYER 40FT BAE,1
8751,NEW FLYER 40FT BAE,1
8752,NEW FLYER 40FT BAE,1
8753,NEW FLYER 40FT BAE,1
8754,NEW FLYER 40FT BAE,1
8755,NEW FLYER 40FT BAE,1
8756,NEW FLYER 40FT BAE,1
8757,NEW FLYER 40FT BAE,1
8758,NEW FLYER 40FT BAE,1
8759,NEW FLYER 40FT BAE,1
8760,NEW FLYER 40FT BAE,1
8761,NEW FLYER 40FT BAE,1
8762,NEW FLYER 40FT BAE,1
8763,NEW FLYER 40FT BAE,1
8764,NEW FLYER 40FT BAE,1
8765,NEW FLYER 40FT BAE,1
8766,NEW FLYER 40FT BAE,1
8767,NEW FLYER 40FT BAE,1
8768,NEW FLYER 40FT BAE,1
8769,NEW FLYER 40FT BAE,1
8770,NEW FLYER 40FT BAE,1
8771,NEW FLYER 40FT BAE,1
8772,NEW FLYER 40FT BAE,1
8773,NEW FLYER 40FT BAE,1
8774,NEW FLYER 40FT BAE,1
8775,NEW FLYER 40FT BAE,1
8776,NEW FLYER 40FT BAE,1
8777,NEW FLYER 40FT BAE,1
8778,NEW FLYER 40FT BAE,1
8779,NEW FLYER 40FT BAE,1
8780,NEW FLYER 40FT BAE,20
8800,NEW FLYER 40FT BAE,1
8801,NEW FLYER 40FT BAE,1
8802,NEW FLYER 40FT BAE,1
8803,NEW FLYER 40FT BAE,1
8804,NEW FLYER 40FT BAE,1
8805,NEW FLYER 40FT BAE,1
8806,NEW FLYER 40FT BAE,1
8807,NEW FLYER 40FT BAE,1
8808,NEW FLYER 40FT BAE,1
8809,NEW FLYER 40FT BAE,1
8810,NEW FLYER 40FT BAE,1
8811,NEW FLYER 40FT BAE,1
8812,NEW FLYER 40FT BAE,1
8813,NEW FLYER 40FT BAE,1
8814,NEW FLYER 40FT BAE,1
8815,NEW FLYER 40FT BAE,1
8816,NEW FLYER 40FT BAE,1
8817,NEW FLYER 40FT BAE,1
8818,NEW FLYER 40FT BAE,1
8819,NEW FLYER 40FT BAE,1
8820,NEW FLYER 40FT BAE,1
8821,NEW FLYER 40FT BAE,1
8822,NEW FLYER 40FT BAE,1
8823,NEW FLYER 40FT BAE,1
8824,NEW FLYER 40FT ALLISON,1
8825,NEW FLYER 40FT ALLISON,1
8826,NEW FLYER 40FT ALLISON,1
8827,NEW FLYER 40FT ALLISON,1
8828,NEW FLYER 40FT ALLISON,1
8829,NEW FLYER 40FT ALLISON,1
8830,NEW FLYER 40FT ALLISON,1
8831,NEW FLYER 40FT ALLISON,1
8832,NEW FLYER 40FT ALLISON,1
8833,NEW FLYER 40FT ALLISON,1
8834,NEW FLYER 40FT ALLISON,1
8835,NEW FLYER 40FT ALLISON,1
8836,NEW FLYER 40FT ALLISON,1
8837,NEW FLYER 40FT ALLISON,1
8838,NEW FLYER 40FT ALLISON,1
8839,NEW FLYER 40FT ALLISON,1
8840,NEW FLYER 40FT ALLISON,1
8841,NEW FLYER 40FT ALLISON,1
8842,NEW FLYER 40FT ALLISON,1
8843,NEW FLYER 40FT ALLISON,1
8844,NEW FLYER 40FT ALLISON,1
8845,NEW FLYER 40FT ALLISON,1
8846,NEW FLYER 40FT ALLISON,1
8847,NEW FLYER 40FT ALLISON,1
8848,NEW FLYER 40FT ALLISON,1
8849,NEW FLYER 40FT ALLISON,1
8850,NEW FLYER 40FT ALLISON,1
8851,NEW FLYER 40FT ALLISON,1
8852,NEW FLYER 40FT ALLISON,1
8853,NEW FLYER 40FT ALLISON,1
8854,NEW FLYER 40FT ALLISON,1
8855,NEW FLYER 40FT ALLISON,1
8856,NEW FLYER 40FT ALLISON,1
8857,NEW FLYER 40FT ALLISON,1
8858,NEW FLYER 40FT ALLISON,1
8859,NEW FLYER 40FT ALLISON,1
8860,NEW FLYER 40FT ALLISON,1
8861,NEW FLYER 40FT ALLISON,1
8862,NEW FLYER 40FT ALLISON,1
8863,NEW FLYER 40FT ALLISON,1
8864,NEW FLYER 40FT ALLISON,1
8865,NEW FLYER 40FT ALLISON,1
8866,NEW FLYER 40FT ALLISON,1
8867,NEW FLYER 40FT ALLISON,1
8868,NEW FLYER 40FT ALLISON,1
8869,NEW FLYER 40FT ALLISON,1
8870,NEW FLYER 40FT ALLISON,1
8871,NEW FLYER 40FT ALLISON,1
8872,NEW FLYER 40FT ALLISON,1
8873,NEW FLYER 40FT ALLISON,1
8874,NEW FLYER 40FT ALLISON,1
8875,NEW FLYER 40FT ALLISON,1
8876,NEW FLYER 40FT ALLISON,1
8877,NEW FLYER 40FT ALLISON,1
8878,NEW FLYER 40FT ALLISON,1
8879,NEW FLYER 40FT ALLISON,1
8880,NEW FLYER 40FT ALLISON,1
8881,NEW FLYER 40FT ALLISON,1
8882,NEW FLYER 40FT ALLISON,1
8883,NEW FLYER 40FT ALLISON,1
8884,NEW FLYER 40FT ALLISON,1
8885,NEW FLYER 40FT ALLISON,1
8886,NEW FLYER 40FT ALLISON,1
8887,NEW FLYER 40FT ALLISON,1
8888,NEW FLYER 40FT ALLISON,1
8889,NEW FLYER 40FT ALLISON,1
8890,NEW FLYER 40FT ALLISON,1
8891,NEW FLYER 40FT ALLISON,1
8892,NEW FLYER 40FT ALLISON,1
8893,NEW FLYER 40FT ALLISON,1
8894,NEW FLYER 40FT ALLISON,1
8895,NEW FLYER 40FT ALLISON,1
8896,NEW FLYER 40FT ALLISON,1
8897,NEW FLYER 40FT ALLISON,1
8898,NEW FLYER 40FT ALLISON,1
8899,NEW FLYER 40FT ALLISON,1
8900,NEW FLYER 40FT ALLISON,1
8901,NEW FLYER 40FT ALLISON,1
8902,NEW FLYER 40FT BAE,1
8903,NEW FLYER 40FT BAE,1
8904,NEW FLYER 40FT BAE,1
8905,NEW FLYER 40FT BAE,1
8906,NEW FLYER 40FT BAE,1
8907,NEW FLYER 40FT BAE,1
8908,NEW FLYER 40FT BAE,1
8909,NEW FLYER 40FT BAE,1
8910,NEW FLYER 40FT BAE,1
8911,NEW FLYER 40FT BAE,1
8912,NEW FLYER 40FT BAE,1
8913,NEW FLYER 40FT BAE,1
8914,NEW FLYER 40FT BAE,1
8915,NEW FLYER 40FT BAE,1
8916,NEW FLYER 40FT BAE,1
8917,NEW FLYER 40FT BAE,1
8918,NEW FLYER 40FT BAE,1
8919,NEW FLYER 40FT BAE,1
8920,NEW FLYER 40FT BAE,1
8921,NEW FLYER 40FT BAE,1
8922,NEW FLYER 40FT BAE,1
8923,NEW FLYER 40FT BAE,1
8924,NEW FLYER 40FT BAE,1
8925,NEW FLYER 40FT BAE,1
8926,NEW FLYER 40FT BAE,1
8927,NEW FLYER 40FT BAE,1
8928,NEW FLYER 40FT BAE,1
8929,NEW FLYER 40FT BAE,1
8930,NEW FLYER 40FT BAE,1
8931,NEW FLYER 40FT BAE,1
8932,NEW FLYER 40FT BAE,1
8933,NEW FLYER 40FT BAE,1
8934,NEW FLYER 40FT BAE,1
8935,NEW FLYER 40FT BAE,1
8936,NEW FLYER 40FT BAE,1
8937,NEW FLYER 40FT BAE,1
8938,NEW FLYER 40FT BAE,1
8939,NEW FLYER 40FT BAE,1
8940,NEW FLYER 40FT BAE,1
8941,NEW FLYER 40FT BAE,1
8942,NEW FLYER 40FT BAE,1
8943,NEW FLYER 40FT BAE,1
8944,NEW FLYER 40FT BAE,1
8945,NEW FLYER 40FT BAE,1
8946,NEW FLYER 40FT BAE,1
8947,NEW FLYER 40FT BAE,1
8948,NEW FLYER 40FT BAE,1
8949,NEW FLYER 40FT BAE,1
8950,NEW FLYER 40FT BAE,1
8951,NEW FLYER 40FT BAE,1
8952,NEW FLYER 40FT BAE,1
8953,NEW FLYER 40FT BAE,1
8954,NEW FLYER 40FT BAE,1
8955,NEW FLYER 40FT BAE,1
8956,NEW FLYER 40FT BAE,1
8957,NEW FLYER 40FT BAE,1
8958,NEW FLYER 40FT BAE,1
8959,NEW FLYER 40FT BAE,1
8960,NEW FLYER 40FT BAE,1
8961,NEW FLYER 40FT BAE,1
8962,NEW FLYER 40FT BAE,1
8963,NEW FLYER 40FT BAE,1
8964,NEW FLYER 40FT BAE,1
8965,NEW FLYER 40FT BAE,1
8966,NEW FLYER 40FT BAE,1
8967,NEW FLYER 40FT BAE,1
8968,NEW FLYER 40FT BAE,1
8969,NEW FLYER 40FT BAE,242
9211,NOEPLAN (CNG),#VALUE!
578S,SAN FRANCISCO CAR,#VALUE!
8947-R,NEW FLYER,#VALUE!
BMT-039,BREDA MOTOR TRUCK,#VALUE!
BTT-102,BREDA TRAILER TRUCK,#VALUE!
BTT-109,BREDA TRAILER TRUCK,#VALUE!
DIGITALHUB-0015,LRVHUB1479,#VALUE!
DIGITALHUB-0030,LRVHUB1479,#VALUE!
DIGITALHUB-0098,LRVHUB1440,#VALUE!
HUB-A1706006,LRVHUB1465,#VALUE!
HUB-A1706010,LRVHUB1440,#VALUE!
HUB-B1504026,LRVHUB1482,#VALUE!
HUB-B1504035,LRVHUB1465,#VALUE!
HUB-B1603030,LRVHUB1423,#VALUE!
HUB-B1605038,LRVHUB1431,#VALUE!
HUB-B1605050,LRVHUB1479,#VALUE!
HUB-B1612012,LRVHUB1423,#VALUE!
HUB-B1612022,LRVHUB1482,#VALUE!
HUB-C1221017,LRVHUB1440,#VALUE!
HUB-D1319009,LRVHUB1465,#VALUE!
HUB-E1716012,LRVHUB1423,#VALUE!
HUB-E1716032,LRVHUB1482,#VALUE!
HUB-E1716035,LRVHUB1479,#VALUE!
HUB-E1716048,LRVHUB1465,#VALUE!
HUB-H1411105,LRVHUB1431,#VALUE!
HUB-H1411129,LRVHUB1465,#VALUE!
HUB-H1411131,LRVHUB1440,#VALUE!
HUB-H1502023,LRVHUB1431,#VALUE!
HUB-H1603024,LRVHUB1440,#VALUE!
HUB-H1603027,LRVHUB1479,#VALUE!
HUB-K1523038,LRVHUB1423,#VALUE!
HUB-K1523057,LRVHUB1440,#VALUE!
HUB-M1830037,LRVHUB1482,#VALUE!
HUB-S1227014,LRVHUB1423,#VALUE!
HUB-S1315061,LRVHUB1479,#VALUE!
HUB-S1430018,LRVHUB1440,#VALUE!
HUB-S1430023,LRVHUB1423,#VALUE!
HUB-S1430031,LRVHUB1431,#VALUE!
HUB-S1602016,LRVHUB1465,#VALUE!
HUB-S1713005,LRVHUB1431,#VALUE!
HUB-S1713046,LRVHUB1423,#VALUE!
HUB-T1626001,LRVHUB1465,#VALUE!
HUB-X1629032,LRVHUB1431,#VALUE!
HUB-X1629038,LRVHUB1482,#VALUE!
HUB-X1629066,LRVHUB1482,#VALUE!
HUB-Z1310003,LRVHUB1479,#VALUE!
HUB-Z1310010,LRVHUB1482,#VALUE!
LRVHUB1422C,LRVHUB1422,#VALUE!
LRVHUB1423,LRVHUB1423,#VALUE!
LRVHUB1423A,LRVHUB1423,#VALUE!
LRVHUB1423B,LRVHUB1423B,#VALUE!
LRVHUB1423C,LRVHUB1423B,#VALUE!
LRVHUB1431,LRVHUB1431,#VALUE!
LRVHUB1431A,LRVHUB1431,#VALUE!
LRVHUB1431B,LRVHUB1431,#VALUE!
LRVHUB1431C,LRVHUB1431,#VALUE!
LRVHUB1431D,LRVHUB1431,#VALUE!
LRVHUB1431E,LRVHUB1431,#VALUE!
LRVHUB1431F,LRVHUB1431,#VALUE!
LRVHUB1431G,LRVHUB1431,#VALUE!
LRVHUB1431H,LRVHUB1431,#VALUE!
LRVHUB1431I,LRVHUB1431,#VALUE!
LRVHUB1440,LRVHUB1440,#VALUE!
LRVHUB1440A,LRVHUB1440,#VALUE!
LRVHUB1440B,LRVHUB1440,#VALUE!
LRVHUB1440C,LRVHUB1440,#VALUE!
LRVHUB1440D,LRVHUB1440,#VALUE!
LRVHUB1465,LRVHUB1465,#VALUE!
LRVHUB1465A,LRVHUB1465,#VALUE!
LRVHUB1465B,LRVHUB1465,#VALUE!
LRVHUB1465C,LRVHUB1465,#VALUE!
LRVHUB1465D,LRVHUB1465,#VALUE!
LRVHUB1465E,LRVHUB1465,#VALUE!
LRVHUB1479,LRVHUB1479,#VALUE!
LRVHUB1479A,LRVHUB1479,#VALUE!
LRVHUB1479B,LRVHUB1479,#VALUE!
LRVHUB1479C,LRVHUB1479,#VALUE!
LRVHUB1479D,LRVHUB1479,#VALUE!
LRVHUB1482,LRVHUB1482,#VALUE!
LRVHUB1482A,LRVHUB1482,#VALUE!
LRVHUB1482B,LRVHUB1482,#VALUE!
LRVHUB1482C,LRVHUB1482,#VALUE!
LRVHUB1543B,LRVHUB1543,#VALUE!
MC-259,MASTER CONTROLLER,#VALUE!
S200969,40-99 12TH ST,#VALUE!
S208029,100-199 LAURA ST,#VALUE!
S209951,600-699 KING ST,#VALUE!
S213517,5900-5999 3RD ST,#VALUE!
S214237,300-399 TOWNSEND ST,#VALUE!
S214247,300-399 TOWNSEND ST,#VALUE!
S214249,300-399 TOWNSEND ST,#VALUE!
S234995,200-231 8TH ST,#VALUE!
S234996,200-231 8TH ST,#VALUE!
S234997,1200-1299 HOWARD ST,#VALUE!
S234999,200-231 8TH ST,#VALUE!
S235001,200-231 8TH ST,#VALUE!
S235002,200-231 8TH ST,#VALUE!
S235004,200-231 8TH ST,#VALUE!
S238023,5900-5999 3RD ST,#VALUE!
S239375,1-39 12TH ST,#VALUE!
TM100779094,VOSSLOK KIEPE TRACTION MOTOR,#VALUE!
TR6510218212,ALLISON,#VALUE!